Method,p,Adj.R2,Cp,BIC,target
AR(1),1,0.001265001282924283,44.98651642272921,-10924.880647779171,ret_CADUSD
Fwd (Cp),10,0.04285057254009916,9.471418565973636,-10843.642848849735,ret_CADUSD
Fwd (CV),0,0.0,47.29069331619007,-10856.44466063774,ret_CADUSD
Bwd (Cp),11,0.045349770087793395,7.711710165910063,-10840.47748326389,ret_CADUSD
Bwd (CV),0,0.0,47.29069331619007,-10856.44466063774,ret_CADUSD
Ridge,29,-0.02785782734562825,105.29069150800683,-10654.130568329578,ret_CADUSD
Lasso,0,0.0,47.29069331619007,-10856.44466063774,ret_CADUSD
PCR,2,-0.0009269803192606396,50.23701399176821,-10843.503370841141,ret_CADUSD
PLS,1,0.03243352542270128,12.076025080501722,-10885.781815599232,ret_CADUSD
AR(1),1,0.020960902798709546,294.4909937030584,-10251.009261910067,ret_EURUSD
Fwd (Cp),8,0.23701709422331318,1.84955836045242,-10407.347506181426,ret_EURUSD
Fwd (CV),0,0.0,323.94823821959017,-10165.394182372762,ret_EURUSD
Bwd (Cp),8,0.23701709422331318,1.84955836045242,-10407.347506181426,ret_EURUSD
Bwd (CV),0,0.0,323.94823821959017,-10165.394182372762,ret_EURUSD
Ridge,29,-0.027857819893852387,381.94822586466057,-9963.080097829148,ret_EURUSD
Lasso,0,0.0,323.94823821959017,-10165.394182372762,ret_EURUSD
PCR,17,0.21698078012761568,38.37628101160885,-10325.91327244062,ret_EURUSD
PLS,3,0.24044209400172756,-7.941577818579162,-10442.017205861703,ret_EURUSD
AR(1),1,0.00016921044548956488,58.9127211684131,-10986.91507547884,ret_GBPUSD
Fwd (Cp),11,0.053482574639878266,3.723152269108141,-10919.413656426485,ret_GBPUSD
Fwd (CV),0,0.0,52.624547950166516,-10926.217742073248,ret_GBPUSD
Bwd (Cp),13,0.05417415884026122,4.9725102594482,-10908.26836045492,ret_GBPUSD
Bwd (CV),0,0.0,52.624547950166516,-10926.217742073248,ret_GBPUSD
Ridge,29,-0.027857827255690193,110.62454603520064,-10723.903649858798,ret_GBPUSD
Lasso,0,0.0,52.624547950166516,-10926.217742073248,ret_GBPUSD
PCR,1,0.00021931241738493146,53.33054441171885,-10920.47770595953,ret_GBPUSD
PLS,1,0.027084390204113906,23.226174927204056,-10949.650242334357,ret_GBPUSD
AR(1),1,0.0005612816472252424,-3.1992656464901756,-9353.59094808118,ret_GC
Fwd (Cp),1,0.0039234608997972265,-8.635906357175827,-9298.310218365352,ret_GC
Fwd (CV),0,0.0,-5.473149742206942,-9300.074872346027,ret_GC
Bwd (Cp),1,0.0039234608997972265,-8.635906357175827,-9298.310218365352,ret_GC
Bwd (CV),0,0.0,-5.473149742206942,-9300.074872346027,ret_GC
Ridge,29,-0.027857827820292558,52.52684902621377,-9097.760779543276,ret_GC
Lasso,0,0.0,-5.473149742206942,-9300.074872346027,ret_GC
PCR,1,-0.00011102709730770322,-4.349130125877309,-9293.981023452492,ret_GC
PLS,1,0.0077610900534662575,-12.713513590681487,-9302.444477775023,ret_GC
AR(1),1,0.0217228514459209,253.4280659307001,-10171.653358606312,ret_JPYUSD
Fwd (Cp),9,0.21495234287533083,2.9284414258888773,-10289.837755784467,ret_JPYUSD
Fwd (CV),0,0.0,284.890361730751,-10084.384753652817,ret_JPYUSD
Bwd (Cp),10,0.21578326535277126,2.820642298743678,-10285.005493765459,ret_JPYUSD
Bwd (CV),0,0.0,284.890361730751,-10084.384753652817,ret_JPYUSD
Ridge,29,-0.02785782082088617,342.8903509433353,-9882.070668143258,ret_JPYUSD
Lasso,1,0.1699476928069702,55.749538236864964,-10277.901293364444,ret_JPYUSD
PCR,17,0.18653356864267445,48.84636648553351,-10204.04795775741,ret_JPYUSD
PLS,4,0.22273957267409417,-12.608525621857552,-10330.360983310147,ret_JPYUSD
AR(1),1,0.001387022794543613,55.860077583002976,-8512.740998035002,ret_XLE
Fwd (Cp),11,0.05827153589232559,2.1130215682046583,-8460.058392061084,ret_XLE
Fwd (CV),0,0.0,56.60081208599718,-8461.429934703736,ret_XLE
Bwd (Cp),11,0.05827153589232559,2.1130215682046583,-8460.058392061084,ret_XLE
Bwd (CV),0,0.0,56.60081208599718,-8461.429934703736,ret_XLE
Ridge,29,-0.027857821016422424,114.60080333165865,-8259.115848990432,ret_XLE
Lasso,0,0.0,56.60081208599718,-8461.429934703736,ret_XLE
PCR,1,-0.0009089622950444465,58.57102121262892,-8454.481932781642,ret_XLE
PLS,1,0.05172194327157742,-0.6150030488915945,-8512.333133456603,ret_XLE
AR(1),1,0.007122983385234427,16.37279020472124,-8393.378039239826,ret_XLF
Fwd (Cp),6,0.04166257955329644,-10.403939407356347,-8340.82489806288,ret_XLF
Fwd (CV),0,0.0,29.2540132749848,-8331.083698208316,ret_XLF
Bwd (Cp),6,0.04166257955329644,-10.403939407356347,-8340.82489806288,ret_XLF
Bwd (CV),0,0.0,29.2540132749848,-8331.083698208316,ret_XLF
Ridge,29,-0.02785782189794217,87.25400567522934,-8128.769611576495,ret_XLF
Lasso,0,0.0,29.2540132749848,-8331.083698208316,ret_XLF
PCR,1,0.0013027666658799175,28.7981761029655,-8326.504925475774,ret_XLF
PLS,1,0.03014865797060773,-2.8523322040000494,-8357.894713320451,ret_XLF
AR(1),1,-0.0007352904377468938,55.88229147449715,-9232.461078366476,ret_XLI
Fwd (Cp),10,0.0587828267610635,1.561362252967001,-9180.624833066644,ret_XLI
Fwd (CV),0,0.0,57.70311236599787,-9175.449247962128,ret_XLI
Bwd (Cp),10,0.0587828267610635,1.561362252967001,-9180.624833066644,ret_XLI
Bwd (CV),0,0.0,57.70311236599787,-9175.449247962128,ret_XLI
Ridge,29,-0.02785782315912,115.70310595183923,-8973.135160016192,ret_XLI
Lasso,0,0.0,57.70311236599787,-9175.449247962128,ret_XLI
PCR,2,0.0025056040700601745,56.779330105900726,-9166.18716370253,ret_XLI
PLS,1,0.04163483708507243,11.783859491881913,-9215.020078489153,ret_XLI
AR(1),1,0.004440599861431527,36.569991884463434,-9313.545787985007,ret_XLK
Fwd (Cp),7,0.051058989884957384,-4.886304426971037,-9264.104420335749,ret_XLK
Fwd (CV),0,0.0,44.90363176785536,-9249.779639769225,ret_XLK
Bwd (Cp),7,0.051058989884957384,-4.886304426971037,-9264.104420335749,ret_XLK
Bwd (CV),1,0.014822531595729993,29.367159281105614,-9259.79845466434,ret_XLK
Ridge,29,-0.02785782450940366,102.90362688988307,-9047.465550416331,ret_XLK
Lasso,0,0.0,44.90363176785536,-9249.779639769225,ret_XLK
PCR,1,-0.0008583209036994166,46.81779356911056,-9242.885826893578,ret_XLK
PLS,1,0.028963605926618063,13.630086529684604,-9275.282809122715,ret_XLK
AR(1),1,0.004288888796670887,15.217517208516938,-9777.073114890496,ret_XLV
Fwd (Cp),6,0.032175983209364434,-5.254079757382442,-9709.142574091216,ret_XLV
Fwd (CV),0,0.0,23.840020437207613,-9709.951088959795,ret_XLV
Bwd (Cp),6,0.032175983209364434,-5.254079757382442,-9709.142574091216,ret_XLV
Bwd (CV),0,0.0,23.840020437207613,-9709.951088959795,ret_XLV
Ridge,29,-0.027857826008405695,81.84001724524705,-9507.636998044982,ret_XLV
Lasso,0,0.0,23.840020437207613,-9709.951088959795,ret_XLV
PCR,13,0.018022866060822484,17.1057140719347,-9651.828956757978,ret_XLV
PLS,2,0.035470917481294495,-12.894253228821754,-9736.681615244846,ret_XLV
AR(1),1,-0.0008160868959068424,56.55334544749849,-12120.672838738485,ret_ZN
Fwd (Cp),7,0.05388967591230742,-7.010647235045781,-12074.272172693934,ret_ZN
Fwd (CV),0,0.0,45.97621233820087,-12056.747830262942,ret_ZN
Bwd (Cp),7,0.05388967591230742,-7.010647235045781,-12074.272172693934,ret_ZN
Bwd (CV),1,0.011949297758372612,33.62344731283042,-12063.647659061642,ret_ZN
Ridge,29,0.030773991309777537,40.374921285915434,-11917.33818654177,ret_ZN
Lasso,8,0.03874717854654497,10.760766188153639,-12051.298195280491,ret_ZN
PCR,1,-0.0007332915015589858,47.751016961280584,-12049.987817398283,ret_ZN
PLS,1,0.03275082749167335,10.45191237792892,-12086.436264706206,ret_ZN
AR(1),1,0.005684865394692706,40.4866336323289,-15186.286038285725,ret_ZT
Fwd (Cp),8,0.03735755215886105,1.654269451458049,-15090.883190390268,ret_ZT
Fwd (CV),0,-2.220446049250313e-16,34.8355276815812,-15097.879988717606,ret_ZT
Bwd (Cp),11,0.039105792170417764,2.765089418262278,-15074.930645957671,ret_ZT
Bwd (CV),0,-2.220446049250313e-16,34.8355276815812,-15097.879988717606,ret_ZT
Ridge,29,0.010379479901441502,51.771774632543156,-14936.168127149958,ret_ZT
Lasso,2,0.0006865726780791448,36.01583695714976,-15086.666606854871,ret_ZT
PCR,6,0.009461418472482164,30.260509542498767,-15072.225829974823,ret_ZT
PLS,1,0.02244962433998643,11.046372289614055,-15116.22258367375,ret_ZT
AR(1),1,0.003643535348257343,42.13557248860616,-9399.296387452872,ret_GSPC
Fwd (Cp),6,0.055250817132070584,-5.257506791368314,-9359.96851192559,ret_GSPC
Fwd (CV),0,0.0,50.528220939027506,-9334.93294791711,ret_GSPC
Bwd (Cp),6,0.055250817132070584,-5.257506791368314,-9359.96851192559,ret_GSPC
Bwd (CV),0,0.0,50.528220939027506,-9334.93294791711,ret_GSPC
Ridge,29,-0.027857823812228455,108.52821527707079,-9132.618859290655,ret_GSPC
Lasso,0,0.0,50.528220939027506,-9334.93294791711,ret_GSPC
PCR,1,-0.0008507015343930391,52.43342717856876,-9328.04728841884,ret_GSPC
PLS,1,0.04430151334716359,1.9314906039385278,-9377.488017892178,ret_GSPC
AR(1),1,0.003737939537995394,40.15777626784393,-8915.777260254992,ret_RUT
Fwd (Cp),12,0.05109144708872848,1.6897807393729636,-8840.989158648998,ret_RUT
Fwd (CV),0,0.0,46.556915607556675,-8856.45997144265,ret_RUT
Bwd (Cp),11,0.05073973203580384,1.0674151220923704,-8846.556802513032,ret_RUT
Bwd (CV),0,0.0,46.556915607556675,-8856.45997144265,ret_RUT
Ridge,29,-0.027857823522382752,104.55690965110875,-8654.145883118204,ret_RUT
Lasso,0,0.0,46.556915607556675,-8856.45997144265,ret_RUT
PCR,1,-0.0009354204281153411,48.556878531089524,-8849.483658967782,ret_RUT
PLS,1,0.042146455301404595,0.5415102773301896,-8896.602702369702,ret_RUT
Fwd (Cp),6,0.02855168457152568,-0.15077263741022762,-9670.61463582418,ret_CADUSD_cum3
Fwd (CV),0,0.0,25.045752694490147,-9675.426330953575,ret_CADUSD_cum3
Bwd (Cp),8,0.03204352158810553,-1.9289983293203932,-9662.53359946555,ret_CADUSD_cum3
Bwd (CV),0,0.0,25.045752694490147,-9675.426330953575,ret_CADUSD_cum3
Ridge,29,-0.027857827521833967,83.04575110989185,-9473.11223846181,ret_CADUSD_cum3
Lasso,0,0.0,25.045752694490147,-9675.426330953575,ret_CADUSD_cum3
PCR,1,-0.0006258035332464829,26.70729785898311,-9668.781359526967,ret_CADUSD_cum3
PLS,1,0.02539389061610442,-1.7328335854770103,-9696.999518945504,ret_CADUSD_cum3
Fwd (Cp),4,0.008696012382548357,-7.069057998651033,-9536.745775772046,ret_EURUSD_cum3
Fwd (CV),0,0.0,-1.8342587707297753,-9551.285766995714,ret_EURUSD_cum3
Bwd (Cp),3,0.007862869983331855,-7.193771597266505,-9541.818159412225,ret_EURUSD_cum3
Bwd (CV),0,0.0,-1.8342587707297753,-9551.285766995714,ret_EURUSD_cum3
Ridge,29,-0.02785782745560139,56.16573961483891,-9348.971674572962,ret_EURUSD_cum3
Lasso,0,0.0,-1.8342587707297753,-9551.285766995714,ret_EURUSD_cum3
PCR,1,3.261945196386673e-05,-0.8663877593423877,-9545.34575752562,ret_EURUSD_cum3
PLS,1,0.00879593850374516,-10.209561524443416,-9554.77294707321,ret_EURUSD_cum3
Fwd (Cp),11,0.054597310931903564,5.4415057531778075,-9810.900310047924,ret_GBPUSD_cum3
Fwd (CV),0,0.0,55.783538205690775,-9816.442309946127,ret_GBPUSD_cum3
Bwd (Cp),13,0.0567051267055253,5.111860027391231,-9801.362695394353,ret_GBPUSD_cum3
Bwd (CV),0,0.0,55.783538205690775,-9816.442309946127,ret_GBPUSD_cum3
Ridge,29,0.040457552720388645,39.02610132243626,-9687.786866791788,ret_GBPUSD_cum3
Lasso,17,0.047180610237952836,19.688307855497442,-9766.758237080943,ret_GBPUSD_cum3
PCR,10,0.02005337398457263,42.92663855897467,-9778.430672422155,ret_GBPUSD_cum3
PLS,1,0.028441075711045594,24.77218211514105,-9841.369312077259,ret_GBPUSD_cum3
Fwd (Cp),7,0.029599937700076184,-3.8936927897625537,-8168.133555000928,ret_GC_cum3
Fwd (CV),0,0.0,21.300822027187678,-8177.758246383121,ret_GC_cum3
Bwd (Cp),7,0.029599937700076184,-3.8936927897625537,-8168.133555000928,ret_GC_cum3
Bwd (CV),0,0.0,21.300822027187678,-8177.758246383121,ret_GC_cum3
Ridge,29,-0.027857823994760222,79.30081670666777,-7975.444157566471,ret_GC_cum3
Lasso,0,0.0,21.300822027187678,-8177.758246383121,ret_GC_cum3
PCR,2,-5.921578952117201e-05,23.32731891089702,-8165.745874408564,ret_GC_cum3
PLS,1,0.026461782888447027,-6.542490504084071,-8200.505590440058,ret_GC_cum3
Fwd (Cp),10,0.0313541839264071,-0.020087186251885214,-9615.18118586621,ret_JPYUSD_cum3
Fwd (CV),0,0.0,24.15080100096884,-9640.77021219533,ret_JPYUSD_cum3
Bwd (Cp),10,0.0313541839264071,-0.020087186251885214,-9615.18118586621,ret_JPYUSD_cum3
Bwd (CV),0,0.0,24.15080100096884,-9640.77021219533,ret_JPYUSD_cum3
Ridge,29,-0.006203079394066391,59.12046915873384,-9461.260856197394,ret_JPYUSD_cum3
Lasso,1,0.003699453743748804,21.088883411202687,-9638.764728637861,ret_JPYUSD_cum3
PCR,4,0.002169168567176416,25.70189199885499,-9619.201763426683,ret_JPYUSD_cum3
PLS,1,0.014107735845425018,9.721694973138028,-9650.012244544918,ret_JPYUSD_cum3
Fwd (Cp),11,0.08204452132734297,1.9899691122295735,-7542.883835597627,ret_XLE_cum3
Fwd (CV),3,0.054454260318428926,25.681188162352782,-7558.9184539095895,ret_XLE_cum3
Bwd (Cp),11,0.08204452132734297,1.9899691122295735,-7542.883835597627,ret_XLE_cum3
Bwd (CV),1,0.024047886332113078,58.79669970967211,-7536.967033919775,ret_XLE_cum3
Ridge,29,0.05472286777280366,50.851141481887,-7404.258388037093,ret_XLE_cum3
Lasso,8,0.05925700848048898,25.075720346232856,-7534.521089256386,ret_XLE_cum3
PCR,11,0.06352789217237065,23.14977336921106,-7521.4950587234325,ret_XLE_cum3
PLS,1,0.04804803172787864,31.111648260211723,-7563.633800075291,ret_XLE_cum3
Fwd (Cp),10,0.061445148001347705,-0.4667827286807551,-7304.2086630063495,ret_XLF_cum3
Fwd (CV),0,0.0,58.7178289812789,-7295.999361135569,ret_XLF_cum3
Bwd (Cp),10,0.061445148001347705,-0.4667827286807551,-7304.2086630063495,ret_XLF_cum3
Bwd (CV),1,0.023573016825345516,33.10502031826991,-7315.573447827216,ret_XLF_cum3
Ridge,29,-0.027857808758487312,116.71780676163871,-7093.6852881947025,ret_XLF_cum3
Lasso,3,0.02421456179624204,34.325372457484036,-7304.330284107945,ret_XLF_cum3
PCR,1,-0.0009235922199066771,60.70446508559621,-7289.035704907633,ret_XLF_cum3
PLS,1,0.04176259328949339,12.611481394742668,-7335.712972328035,ret_XLF_cum3
Fwd (Cp),7,0.053407694897186775,1.222742339072056,-8210.73953447047,ret_XLI_cum3
Fwd (CV),0,0.0,54.163697234404935,-8193.760657207002,ret_XLI_cum3
Bwd (Cp),9,0.0554854073484462,0.9215108362648152,-8201.157151532496,ret_XLI_cum3
Bwd (CV),0,0.0,54.163697234404935,-8193.760657207002,ret_XLI_cum3
Ridge,29,0.025642273200850996,53.70291510460629,-8048.695396219541,ret_XLI_cum3
Lasso,3,0.02147208778990839,32.965587460300185,-8199.085724861277,ret_XLI_cum3
PCR,11,0.0426884007221886,17.163996009357334,-8174.811905213901,ret_XLI_cum3
PLS,1,0.03360770415952097,17.402335803097913,-8224.398300680334,ret_XLI_cum3
Fwd (Cp),8,0.046378424255364536,2.7491005939393744,-8320.553704507674,ret_XLK_cum3
Fwd (CV),0,0.0,46.434088211433846,-8317.466897167613,ret_XLK_cum3
Bwd (Cp),11,0.05013931292747331,1.6148614840888058,-8306.886521360002,ret_XLK_cum3
Bwd (CV),0,0.0,46.434088211433846,-8317.466897167613,ret_XLK_cum3
Ridge,29,-0.0009688541492260949,75.25410017138415,-8143.5433784873285,ret_XLK_cum3
Lasso,1,0.01506574542546002,30.602485898439,-8327.750145810242,ret_XLK_cum3
PCR,4,0.003366291211104988,46.52340210449188,-8297.184125311001,ret_XLK_cum3
PLS,1,0.0371031104914652,6.044230799932848,-8351.985331873293,ret_XLK_cum3
Fwd (Cp),8,0.05497986370688057,-0.19834103233097267,-8897.915606614537,ret_XLV_cum3
Fwd (CV),1,0.016917313198284045,35.42419043141831,-8897.423309796724,ret_XLV_cum3
Bwd (Cp),8,0.05497986370688057,-0.19834103233097267,-8897.915606614537,ret_XLV_cum3
Bwd (CV),0,0.0,53.444197246273006,-8885.124804447609,ret_XLV_cum3
Ridge,29,-0.004002777690277126,85.39393701208655,-8707.96000839367,ret_XLV_cum3
Lasso,3,0.02008968802896005,33.81082673621995,-8888.937901622969,ret_XLV_cum3
PCR,4,0.01267428438117435,43.07514918449283,-8874.891566574543,ret_XLV_cum3
PLS,1,0.028639326087431582,22.27918163100253,-8910.270370593476,ret_XLV_cum3
Fwd (Cp),7,0.04264822936803958,0.03010115544702785,-10806.867204091806,ret_ZN_cum3
Fwd (CV),2,0.03575963827936912,2.6197530632684902,-10829.044375880949,ret_ZN_cum3
Bwd (Cp),8,0.0434124198681316,0.19623031662172252,-10801.754105838936,ret_ZN_cum3
Bwd (CV),1,0.022608381622642004,16.194277436896982,-10820.509752828239,ret_ZN_cum3
Ridge,29,0.03330382440250956,32.27973429527424,-10665.382700207829,ret_ZN_cum3
Lasso,17,0.03765892192838016,15.551716775683417,-10741.659572856008,ret_ZN_cum3
PCR,15,0.030834203766146318,21.01150650473096,-10746.011511688546,ret_ZN_cum3
PLS,1,0.03182378653203055,5.981304791719822,-10830.65565708097,ret_ZN_cum3
Fwd (Cp),7,0.03529167169853176,-2.2167438120927727,-13979.536224183717,ret_ZT_cum3
Fwd (CV),0,0.0,29.483289143034654,-13982.860633141492,ret_ZT_cum3
Bwd (Cp),7,0.03529167169853176,-2.2167438120927727,-13979.536224183717,ret_ZT_cum3
Bwd (CV),0,0.0,29.483289143034654,-13982.860633141492,ret_ZT_cum3
Ridge,29,0.013191715644391477,43.61317641177402,-13824.19659855001,ret_ZT_cum3
Lasso,1,0.008556972057746082,21.06576319330884,-13986.089640126796,ret_ZT_cum3
PCR,5,0.016288590235919442,16.541056437304178,-13970.584015355736,ret_ZT_cum3
PLS,1,0.025837911715995365,2.100680714514283,-14004.921869539365,ret_ZT_cum3
Fwd (Cp),11,0.06493325301926145,2.816462587800288,-8460.179915865037,ret_GSPC_cum3
Fwd (CV),1,0.022779500980407152,40.503429291947214,-8472.652427837915,ret_GSPC_cum3
Bwd (Cp),13,0.0660095646258555,3.627693883525126,-8449.4852830553,ret_GSPC_cum3
Bwd (CV),0,1.1102230246251565e-16,65.380059136402,-8453.948360455699,ret_GSPC_cum3
Ridge,29,0.004604833718826029,87.55312254329169,-8286.005149130026,ret_GSPC_cum3
Lasso,3,0.023996408409013625,41.05482780068019,-8462.039869971877,ret_GSPC_cum3
PCR,11,0.0488128648453755,20.91511591163612,-8441.873412959927,ret_GSPC_cum3
PLS,1,0.037376062529260845,23.96085575051552,-8488.7704341876,ret_GSPC_cum3
Fwd (Cp),9,0.06340028915095686,-3.518234733369127,-7879.297689795686,ret_RUT_cum3
Fwd (CV),1,0.01837533942580305,39.1148773416669,-7876.7766732366745,ret_RUT_cum3
Bwd (Cp),9,0.06340028915095686,-3.518234733369127,-7879.297689795686,ret_RUT_cum3
Bwd (CV),0,0.0,58.874676603168155,-7862.888570965229,ret_RUT_cum3
Ridge,29,0.01198982230426826,73.14960532227087,-7702.92089459508,ret_RUT_cum3
Lasso,10,0.05307546132965235,9.030785317428126,-7861.589422785232,ret_RUT_cum3
PCR,11,0.041219211246171006,23.267534392476364,-7842.297411490098,ret_RUT_cum3
PLS,1,0.03395398813561934,21.560535240351328,-7893.91005090143,ret_RUT_cum3
Fwd (Cp),10,0.05285244997600147,2.1152828183057863,-9205.61951457087,ret_CADUSD_cum5
Fwd (CV),0,0.0,51.238831536651105,-9207.170865570692,ret_CADUSD_cum5
Bwd (Cp),10,0.05285244997600147,2.1152828183057863,-9205.61951457087,ret_CADUSD_cum5
Bwd (CV),0,0.0,51.238831536651105,-9207.170865570692,ret_CADUSD_cum5
Ridge,29,-0.027857823169493034,109.23882517059769,-9004.85677761395,ret_CADUSD_cum5
Lasso,0,0.0,51.238831536651105,-9207.170865570692,ret_CADUSD_cum5
PCR,2,0.007248648620710285,45.03988749449104,-9203.013487940774,ret_CADUSD_cum5
PLS,1,0.02426728402455791,25.03213214329412,-9227.506734407549,ret_CADUSD_cum5
Fwd (Cp),10,0.03593116049810596,-1.331027592129658,-8944.749953973402,ret_EURUSD_cum5
Fwd (CV),0,0.0,27.967974304920062,-8965.266373171578,ret_EURUSD_cum5
Bwd (Cp),10,0.03593116049810596,-1.331027592129658,-8944.749953973402,ret_EURUSD_cum5
Bwd (CV),0,0.0,27.967974304920062,-8965.266373171578,ret_EURUSD_cum5
Ridge,29,-0.027857823946496607,85.96796890035671,-8762.952284405217,ret_EURUSD_cum5
Lasso,0,0.0,27.967974304920062,-8965.266373171578,ret_EURUSD_cum5
PCR,1,-0.0002712216074316487,29.240013950509137,-8959.000988741951,ret_EURUSD_cum5
PLS,1,0.021678578497377088,5.184289209734743,-8982.764546584945,ret_EURUSD_cum5
Fwd (Cp),8,0.06382554709020183,1.3411089567821364,-9275.8909537331,ret_GBPUSD_cum5
Fwd (CV),0,0.0,65.70669014789632,-9253.028044426097,ret_GBPUSD_cum5
Bwd (Cp),10,0.06751967030583528,-0.7970386472882183,-9268.19161023594,ret_GBPUSD_cum5
Bwd (CV),0,0.0,65.70669014789632,-9253.028044426097,ret_GBPUSD_cum5
Ridge,29,0.055464399514189466,31.72286954881156,-9141.25496146175,ret_GBPUSD_cum5
Lasso,5,0.042246221757375135,22.69125697751656,-9269.391940266396,ret_GBPUSD_cum5
PCR,13,0.05014183625542801,21.715520223212934,-9230.522392890929,ret_GBPUSD_cum5
PLS,3,0.07378398040276823,-14.963168790284271,-9317.195803437398,ret_GBPUSD_cum5
Fwd (Cp),5,0.031569464971112016,-6.879117789321754,-7609.715935772768,ret_GC_cum5
Fwd (CV),0,0.0,22.519090563798272,-7605.225175385337,ret_GC_cum5
Bwd (Cp),5,0.031569464971112016,-6.879117789321754,-7609.715935772768,ret_GC_cum5
Bwd (CV),0,0.0,22.519090563798272,-7605.225175385337,ret_GC_cum5
Ridge,29,-0.02785781592638048,80.51907666923148,-7402.91109497572,ret_GC_cum5
Lasso,0,0.0,22.519090563798272,-7605.225175385337,ret_GC_cum5
PCR,2,0.0136752674730507,9.579953038961094,-7608.02350101518,ret_GC_cum5
PLS,1,0.023908474264628943,-2.5731875171363754,-7625.167273872383,ret_GC_cum5
Fwd (Cp),6,0.015707939347947453,-0.022421139865173245,-8987.44258105846,ret_JPYUSD_cum5
Fwd (CV),0,0.0,10.900998121200928,-9006.321428515228,ret_JPYUSD_cum5
Bwd (Cp),6,0.015707939347947453,-0.022421139865173245,-8987.44258105846,ret_JPYUSD_cum5
Bwd (CV),0,0.0,10.900998121200928,-9006.321428515228,ret_JPYUSD_cum5
Ridge,29,-0.02174193279400738,62.47543785181438,-8810.3989670346,ret_JPYUSD_cum5
Lasso,1,0.0006827976258444446,11.15508013000067,-9001.078009070108,ret_JPYUSD_cum5
PCR,1,0.005074021380034099,6.417425071807656,-9005.794593573488,ret_JPYUSD_cum5
PLS,1,0.01204641614849511,-1.1050340857336778,-9013.326534206937,ret_JPYUSD_cum5
Fwd (Cp),8,0.03923072850761333,2.802976945642058,-6975.705505145915,ret_XLE_cum5
Fwd (CV),1,0.01474849430310432,22.84333712843727,-6990.554578197715,ret_XLE_cum5
Bwd (Cp),8,0.03923072850761333,2.802976945642058,-6975.705505145915,ret_XLE_cum5
Bwd (CV),1,0.01474849430310432,22.84333712843727,-6990.554578197715,ret_XLE_cum5
Ridge,29,-0.027857819424182306,96.19224342577263,-6778.302163185096,ret_XLE_cum5
Lasso,3,0.010935735239270383,29.013962614278398,-6974.47090798939,ret_XLE_cum5
PCR,7,0.005997126451896095,38.35240705901765,-6945.253631165544,ret_XLE_cum5
PLS,2,0.04621482401899102,-10.950317220715533,-7019.343602685121,ret_XLE_cum5
Fwd (Cp),10,0.0754627958652847,3.652267124903574,-6671.983375281551,ret_XLF_cum5
Fwd (CV),0,0.0,80.3133474111687,-6647.657656502204,ret_XLF_cum5
Bwd (Cp),10,0.07582016859771701,3.2453725020359343,-6672.397442111515,ret_XLF_cum5
Bwd (CV),1,0.024853415954486757,52.70155576822776,-6668.637078546924,ret_XLF_cum5
Ridge,29,0.039725486919785946,62.74413456017464,-6518.185424532435,ret_XLF_cum5
Lasso,2,0.013879494056891484,66.24302700143517,-6650.677764382635,ret_XLF_cum5
PCR,11,0.0671361232754889,14.13077217065711,-6656.415296240607,ret_XLF_cum5
PLS,1,0.047231451769516264,27.006217316469247,-6693.501194612493,ret_XLF_cum5
Fwd (Cp),7,0.051089310419608513,4.039394304385496,-7592.381952590404,ret_XLI_cum5
Fwd (CV),0,0.0,54.4074237766456,-7578.02295091733,ret_XLI_cum5
Bwd (Cp),9,0.05385060232961836,2.9708822829306882,-7583.567316445238,ret_XLI_cum5
Bwd (CV),0,0.0,54.4074237766456,-7578.02295091733,ret_XLI_cum5
Ridge,29,0.03277036298512925,46.14323912410032,-7440.821583772524,ret_XLI_cum5
Lasso,7,0.029125685883658048,28.55207382280014,-7567.874970594985,ret_XLI_cum5
PCR,16,0.03618036876905539,29.57129333407829,-7522.004815193147,ret_XLI_cum5
PLS,2,0.05621445924057755,-6.726103381065059,-7628.038115944051,ret_XLI_cum5
Fwd (Cp),11,0.045464957209869206,2.577771480431693,-7768.643669824704,ret_XLK_cum5
Fwd (CV),3,0.0275051664285495,14.403816754440186,-7796.430333249525,ret_XLK_cum5
Bwd (Cp),12,0.04634417177684036,2.6208240041128192,-7763.666075100711,ret_XLK_cum5
Bwd (CV),1,0.020776908641816916,19.891366070160075,-7800.993154584073,ret_XLK_cum5
Ridge,29,-0.010125316086247116,80.82434226018813,-7600.8055546288415,ret_XLK_cum5
Lasso,2,0.012006978919615996,30.599731264072716,-7785.469959627611,ret_XLK_cum5
PCR,4,0.0017513429267084213,43.89937220843581,-7762.464794678898,ret_XLK_cum5
PLS,1,0.02300696711449557,17.416106529022954,-7803.435005082354,ret_XLK_cum5
Fwd (Cp),8,0.033344298454898946,-4.419967199258053,-8198.951160385157,ret_XLV_cum5
Fwd (CV),1,0.013610919630824614,10.038458035942085,-8219.106137380755,ret_XLV_cum5
Bwd (Cp),8,0.033344298454898946,-4.419967199258053,-8198.951160385157,ret_XLV_cum5
Bwd (CV),0,0.0,23.921646332230694,-8210.403673261197,ret_XLV_cum5
Ridge,29,-0.023149930453749246,76.91573588794745,-8013.006350680093,ret_XLV_cum5
Lasso,2,0.009054247459190479,16.001715510976965,-8208.195985315493,ret_XLV_cum5
PCR,4,0.00016682839975112884,27.654309174273294,-8186.688209745083,ret_XLV_cum5
PLS,1,0.021971449176003577,0.9095939508556512,-8228.22250964754,ret_XLV_cum5
Fwd (Cp),11,0.0401029154454674,2.688150139306117,-10163.006150671705,ret_ZN_cum5
Fwd (CV),0,-4.440892098500626e-16,35.90118529588017,-10184.843535950637,ret_ZN_cum5
Bwd (Cp),11,0.0401029154454674,2.688150139306117,-10163.006150671705,ret_ZN_cum5
Bwd (CV),0,-4.440892098500626e-16,35.90118529588017,-10184.843535950637,ret_ZN_cum5
Ridge,29,0.02092404839144002,41.46284933036986,-10034.604586546266,ret_ZN_cum5
Lasso,3,0.018572847525167302,18.339706226560565,-10187.000073219415,ret_ZN_cum5
PCR,6,0.016329416450893475,23.76425841229866,-10166.641126129862,ret_ZN_cum5
PLS,1,0.02461852411010068,9.692952425621797,-10205.565008190151,ret_ZN_cum5
Fwd (Cp),8,0.03231237533796161,-3.382456958335979,-13460.40782029109,ret_ZT_cum5
Fwd (CV),0,0.0,23.83640668554972,-13473.003035962553,ret_ZT_cum5
Bwd (Cp),8,0.03231237533796161,-3.382456958335979,-13460.40782029109,ret_ZT_cum5
Bwd (CV),0,0.0,23.83640668554972,-13473.003035962553,ret_ZT_cum5
Ridge,29,0.0006261991937059896,51.55169011083444,-13300.78752714559,ret_ZT_cum5
Lasso,1,0.004189074036078266,20.241370111548804,-13471.524012245265,ret_ZT_cum5
PCR,4,0.012497777196806448,14.144069058451123,-13462.578349314346,ret_ZT_cum5
PLS,1,0.020605327077274915,2.317857742640399,-13489.326930440016,ret_ZT_cum5
Fwd (Cp),11,0.05931907283335858,2.9644970767633367,-7873.707988110583,ret_GSPC_cum5
Fwd (CV),0,0.0,58.76884621059662,-7873.887534809252,ret_GSPC_cum5
Bwd (Cp),11,0.05931907283335858,2.9644970767633367,-7873.707988110583,ret_GSPC_cum5
Bwd (CV),0,0.0,58.76884621059662,-7873.887534809252,ret_GSPC_cum5
Ridge,29,-0.0034699716024635396,90.01041227702376,-7697.291249918066,ret_GSPC_cum5
Lasso,3,0.018967764746749105,40.27559879823161,-7876.47511931668,ret_GSPC_cum5
PCR,4,0.012698607221582003,48.285331090800355,-7863.680681423633,ret_GSPC_cum5
PLS,1,0.03443395013054673,20.917613449993723,-7905.441253404892,ret_GSPC_cum5
Fwd (Cp),8,0.05268617279953747,0.37451368433562493,-7299.001870649686,ret_RUT_cum5
Fwd (CV),0,0.0,51.335740697410074,-7288.807379929033,ret_RUT_cum5
Bwd (Cp),8,0.05268617279953747,0.37451368433562493,-7299.001870649686,ret_RUT_cum5
Bwd (CV),1,0.02189845035867999,27.778009960024974,-7306.546281209454,ret_RUT_cum5
Ridge,29,-0.027857817758995873,109.33572843351863,-7086.493297609881,ret_RUT_cum5
Lasso,3,0.014936704834880632,37.5074062831427,-7287.003243741009,ret_RUT_cum5
PCR,8,0.03858835123827331,16.050718870732453,-7283.180798786521,ret_RUT_cum5
PLS,1,0.0360453450063809,11.943550669776869,-7322.149941016887,ret_RUT_cum5
Fwd (Cp),8,0.05049595325548717,-6.458055850682058,-8474.33778341889,ret_CADUSD_cum10
Fwd (CV),0,0.0,41.501322136936096,-8466.616620482007,ret_CADUSD_cum10
Bwd (Cp),8,0.05049595325548717,-6.458055850682058,-8474.33778341889,ret_CADUSD_cum10
Bwd (CV),1,0.02288543989548364,17.07291086515238,-8485.436799559226,ret_CADUSD_cum10
Ridge,29,-0.027857824391414265,99.50131714638701,-8264.302531252055,ret_CADUSD_cum10
Lasso,0,0.0,41.501322136936096,-8466.616620482007,ret_CADUSD_cum10
PCR,1,0.000891062205478188,41.47486946714207,-8461.59642806651,ret_CADUSD_cum10
PLS,1,0.023690269411646425,16.179981917042596,-8486.319324123591,ret_CADUSD_cum10
Fwd (Cp),4,0.019629927711122597,-7.321606620557759,-8365.891553805995,ret_EURUSD_cum10
Fwd (CV),0,0.0,9.809103167059448,-8368.552965707657,ret_EURUSD_cum10
Bwd (Cp),5,0.02083694467777919,-7.606104010930494,-8361.239779269641,ret_EURUSD_cum10
Bwd (CV),0,0.0,9.809103167059448,-8368.552965707657,ret_EURUSD_cum10
Ridge,29,-0.027857825494935096,67.8090994771569,-8166.238875327864,ret_EURUSD_cum10
Lasso,0,0.0,9.809103167059448,-8368.552965707657,ret_EURUSD_cum10
PCR,1,7.076143877671193e-05,10.724603620059952,-8362.653808417112,ret_EURUSD_cum10
PLS,1,0.012512372410676709,-2.6849755141388414,-8376.063314646455,ret_EURUSD_cum10
Fwd (Cp),7,0.04510417805106204,-3.5007676485477077,-8569.899445790797,ret_GBPUSD_cum10
Fwd (CV),0,0.0,39.417770712904485,-8562.27442453599,ret_GBPUSD_cum10
Bwd (Cp),7,0.04510417805106204,-3.5007676485477077,-8569.899445790797,ret_GBPUSD_cum10
Bwd (CV),0,0.0,39.417770712904485,-8562.27442453599,ret_GBPUSD_cum10
Ridge,29,0.03350696317180768,31.24341835473524,-8425.88899532144,ret_GBPUSD_cum10
Lasso,9,0.0412275002553133,2.7817064223390844,-8553.62446511041,ret_GBPUSD_cum10
PCR,13,0.035938841575457015,12.599741770828587,-8523.872923719808,ret_GBPUSD_cum10
PLS,2,0.049764931768514264,-13.711269505449536,-8604.995613363924,ret_GBPUSD_cum10
Fwd (Cp),5,0.024794041395744815,-1.3315685844133895,-6929.869185021873,ret_GC_cum10
Fwd (CV),0,0.0,20.650859421198902,-6932.845364122813,ret_GC_cum10
Bwd (Cp),5,0.024794041395744815,-1.3315685844133895,-6929.869185021873,ret_GC_cum10
Bwd (CV),0,0.0,20.650859421198902,-6932.845364122813,ret_GC_cum10
Ridge,29,-0.027857820963915758,78.65085089079707,-6730.531278464221,ret_GC_cum10
Lasso,0,0.0,20.650859421198902,-6932.845364122813,ret_GC_cum10
PCR,17,0.011038116304166956,25.502050774469808,-6843.287508756819,ret_GC_cum10
PLS,2,0.03702917753964963,-17.65932782871141,-6961.307560413937,ret_GC_cum10
Fwd (Cp),5,0.04462656472476145,0.31541245387825256,-8452.918840877779,ret_JPYUSD_cum10
Fwd (CV),0,0.0,45.00284428341865,-8433.88983357434,ret_JPYUSD_cum10
Bwd (Cp),5,0.04462656472476145,0.31541245387825256,-8452.918840877779,ret_JPYUSD_cum10
Bwd (CV),0,0.0,45.00284428341865,-8433.88983357434,ret_JPYUSD_cum10
Ridge,29,0.029029550750371946,41.347719353816046,-8292.554306177919,ret_JPYUSD_cum10
Lasso,1,0.022744067590090622,20.648443542065024,-8452.555067885536,ret_JPYUSD_cum10
PCR,6,0.0263968085962325,21.51487363602996,-8426.705066980612,ret_JPYUSD_cum10
PLS,1,0.034509592000527944,7.553865255994651,-8465.527456959466,ret_JPYUSD_cum10
Fwd (Cp),6,0.045374859735180406,-5.413736810677847,-6357.447411058695,ret_XLE_cum10
Fwd (CV),2,0.03466451336269605,2.382143662407316,-6369.384937743603,ret_XLE_cum10
Bwd (Cp),6,0.045374859735180406,-5.413736810677847,-6357.447411058695,ret_XLE_cum10
Bwd (CV),1,0.02970595446700597,6.869432303520398,-6369.871709838262,ret_XLE_cum10
Ridge,29,-0.027857814259921287,96.78168427917376,-6141.235378867937,ret_XLE_cum10
Lasso,7,0.03449478473483891,7.571828463973588,-6339.340725717182,ret_XLE_cum10
PCR,5,0.0010560345167108798,42.44076107908086,-6314.815730385054,ret_XLE_cum10
PLS,1,0.024262579630219827,12.893867754511803,-6363.880162674761,ret_XLE_cum10
Fwd (Cp),8,0.07628751619992047,4.873911671831365,-6358.931651597824,ret_XLF_cum10
Fwd (CV),0,0.0,84.86859950444978,-6321.7162906509975,ret_XLF_cum10
Bwd (Cp),12,0.08118121121939925,3.306098739391018,-6340.756859823943,ret_XLF_cum10
Bwd (CV),0,0.0,84.86859950444978,-6321.7162906509975,ret_XLF_cum10
Ridge,29,0.0018085061862400664,109.56530436010053,-6150.768576123689,ret_XLF_cum10
Lasso,1,0.006623051834669713,78.15522826985239,-6322.858227534932,ret_XLF_cum10
PCR,1,0.005123047010197057,79.884419157911,-6321.242231237005,ret_XLF_cum10
PLS,1,0.038967375269591376,40.86900861802769,-6358.310298487086,ret_XLF_cum10
Fwd (Cp),8,0.05716801562167095,-1.8777143802126375,-6941.124577298345,ret_XLI_cum10
Fwd (CV),0,0.0,54.25457962355699,-6925.8510470357805,ret_XLI_cum10
Bwd (Cp),8,0.05716801562167095,-1.8777143802126375,-6941.124577298345,ret_XLI_cum10
Bwd (CV),0,0.0,54.25457962355699,-6925.8510470357805,ret_XLI_cum10
Ridge,29,0.04645912694437826,31.040175487111128,-6803.91533951635,ret_XLI_cum10
Lasso,0,0.0,54.25457962355699,-6925.8510470357805,ret_XLI_cum10
PCR,1,-0.0008267660957921308,56.132609877001414,-6918.991000909449,ret_XLI_cum10
PLS,2,0.06435754469819399,-15.999747141190937,-6985.14701358057,ret_XLI_cum10
Fwd (Cp),4,0.044860013983098135,-3.3387467007946725,-7179.494370042484,ret_XLK_cum10
Fwd (CV),0,0.0,42.49148709614474,-7154.232441594485,ret_XLK_cum10
Bwd (Cp),6,0.046820318760851465,-3.4897459270732725,-7169.753293739046,ret_XLK_cum10
Bwd (CV),0,0.0,42.49148709614474,-7154.232441594485,ret_XLK_cum10
Ridge,29,-0.027857821517613734,100.49147899351306,-6951.918355358954,ret_XLK_cum10
Lasso,0,0.0,42.49148709614474,-7154.232441594485,ret_XLK_cum10
PCR,4,-0.0031523701450304475,49.827112873992974,-7126.967411871989,ret_XLK_cum10
PLS,1,0.05298685552564064,-15.386687307711554,-7206.56520560295,ret_XLK_cum10
Fwd (Cp),4,0.04104843929416013,-6.267295562093068,-7549.357223879412,ret_XLV_cum10
Fwd (CV),0,0.0,35.008240912666,-7528.360715123234,ret_XLV_cum10
Bwd (Cp),4,0.04104843929416013,-6.267295562093068,-7549.357223879412,ret_XLV_cum10
Bwd (CV),0,0.0,35.008240912666,-7528.360715123234,ret_XLV_cum10
Ridge,29,-0.02785782263024883,93.00823405965252,-7326.046627728368,ret_XLV_cum10
Lasso,0,0.0,35.008240912666,-7528.360715123234,ret_XLV_cum10
PCR,1,-0.0005560092933056815,36.589722670616766,-7521.79044918368,ret_XLV_cum10
PLS,1,0.03245931800200863,0.1745939268996608,-7557.726420289137,ret_XLV_cum10
Fwd (Cp),6,0.04968829925900742,-2.4709486342412674,-9580.503302548403,ret_ZN_cum10
Fwd (CV),0,0.0,46.92400991568047,-9561.755107777632,ret_ZN_cum10
Bwd (Cp),6,0.04960662073678046,-2.3803127150013097,-9580.4112549201,ret_ZN_cum10
Bwd (CV),0,0.0,46.92400991568047,-9561.755107777632,ret_ZN_cum10
Ridge,29,0.0336135583001782,38.185794681264724,-9425.487806344836,ret_ZN_cum10
Lasso,3,0.030087441787997604,16.314088672669868,-9576.551446846961,ret_ZN_cum10
PCR,6,0.03454261638997669,14.33570814554173,-9563.568731002371,ret_ZN_cum10
PLS,1,0.04245334144840429,0.5506626802086885,-9602.241030759997,ret_ZN_cum10
Fwd (Cp),3,0.046055297207562185,-7.2652805951304344,-12937.449932119636,ret_ZT_cum10
Fwd (CV),0,0.0,40.815949081887084,-12904.874762761287,ret_ZT_cum10
Bwd (Cp),3,0.046055297207562185,-7.2652805951304344,-12937.449932119636,ret_ZT_cum10
Bwd (CV),0,0.0,40.815949081887084,-12904.874762761287,ret_ZT_cum10
Ridge,29,0.027622926149895255,38.91133464366317,-12761.98882279862,ret_ZT_cum10
Lasso,1,0.02323641352449024,16.01469665317677,-12924.07970765552,ret_ZT_cum10
PCR,5,0.04182272331282899,-0.5687371432118198,-12920.765189746504,ret_ZT_cum10
PLS,1,0.047696866855698516,-11.106533920217316,-12951.241598311868,ret_ZT_cum10
Fwd (Cp),8,0.06548799889871337,-4.1505898595185045,-7302.963418045772,ret_GSPC_cum10
Fwd (CV),0,0.0,61.80446914682875,-7278.196944032006,ret_GSPC_cum10
Bwd (Cp),8,0.06548799889871337,-4.1505898595185045,-7302.963418045772,ret_GSPC_cum10
Bwd (CV),0,0.0,61.80446914682875,-7278.196944032006,ret_GSPC_cum10
Ridge,29,-0.02785781899914741,119.80445813270057,-7075.88286042065,ret_GSPC_cum10
Lasso,0,0.0,61.80446914682875,-7278.196944032006,ret_GSPC_cum10
PCR,1,-0.000777927381672594,63.62650416566157,-7271.3891622343945,ret_GSPC_cum10
PLS,1,0.04706852832665931,9.572083625271716,-7323.857356775341,ret_GSPC_cum10
Fwd (Cp),8,0.05699588283622381,-5.491814233518198,-6753.3743419547545,ret_RUT_cum10
Fwd (CV),2,0.04381136666924146,3.154683952243431,-6774.328247695968,ret_RUT_cum10
Bwd (Cp),8,0.05756448247199175,-6.12342629337013,-6754.020313554337,ret_RUT_cum10
Bwd (CV),0,0.0,50.18813539418511,-6738.296326258462,ret_RUT_cum10
Ridge,29,-0.027857817596924184,108.18812296638339,-6535.982244108184,ret_RUT_cum10
Lasso,9,0.04648709527512318,7.184214988823669,-6735.537789167027,ret_RUT_cum10
PCR,4,-0.0002667059170196051,54.301632746387895,-6714.116570667986,ret_RUT_cum10
PLS,1,0.04423206933757795,1.6844233949364025,-6780.773576886429,ret_RUT_cum10
Fwd (Cp),9,0.05974509383301896,-0.3392407008582268,-8087.194264765661,ret_CADUSD_cum15
Fwd (CV),0,0.0,57.89978970867651,-8074.956720120304,ret_CADUSD_cum15
Bwd (Cp),9,0.05974509383301896,-0.3392407008582268,-8087.194264765661,ret_CADUSD_cum15
Bwd (CV),1,0.03329271599518002,21.364120816508603,-8105.245336227937,ret_CADUSD_cum15
Ridge,29,-0.027857823715891072,115.89978390381839,-7872.642631594227,ret_CADUSD_cum15
Lasso,0,0.0,57.89978970867651,-8074.956720120304,ret_CADUSD_cum15
PCR,1,-0.0005481269923002241,59.463719252527426,-8068.39489146717,ret_CADUSD_cum15
PLS,1,0.03787364928831116,16.206692587103362,-8110.332544054595,ret_CADUSD_cum15
Fwd (Cp),9,0.06880120061919526,-1.351038163935982,-7901.808998391848,ret_EURUSD_cum15
Fwd (CV),0,0.0,67.76335991473866,-7879.20607196113,ret_EURUSD_cum15
Bwd (Cp),9,0.06880120061919526,-1.351038163935982,-7901.808998391848,ret_EURUSD_cum15
Bwd (CV),0,0.0,67.76335991473866,-7879.20607196113,ret_EURUSD_cum15
Ridge,29,-0.027857809207467943,125.76333801342457,-7676.891998552437,ret_EURUSD_cum15
Lasso,0,0.0,67.76335991473866,-7879.20607196113,ret_EURUSD_cum15
PCR,1,0.004872468893636572,63.16729663047954,-7878.462295401876,ret_EURUSD_cum15
PLS,1,0.04087409156972821,22.28021904263187,-7917.927085243258,ret_EURUSD_cum15
Fwd (Cp),8,0.0641850513944473,-6.178472124872087,-8194.638016309005,ret_GBPUSD_cum15
Fwd (CV),2,0.04523654375950237,9.051710110582235,-8208.993161809623,ret_GBPUSD_cum15
Bwd (Cp),8,0.0641850513944473,-6.178472124872087,-8194.638016309005,ret_GBPUSD_cum15
Bwd (CV),1,0.031432719259623654,23.6003921664917,-8199.593683238976,ret_GBPUSD_cum15
Ridge,29,0.04972792014726879,30.973920465550464,-8053.105798528152,ret_GBPUSD_cum15
Lasso,10,0.05042799563571587,11.210052350868864,-8167.074415767733,ret_GBPUSD_cum15
PCR,7,0.03789191729485453,22.246962042081805,-8170.929978193044,ret_GBPUSD_cum15
PLS,2,0.06512376433998224,-13.320222051461542,-8231.537141770776,ret_GBPUSD_cum15
Fwd (Cp),10,0.03625375467812475,-0.6585552215174175,-6534.282802259828,ret_GC_cum15
Fwd (CV),0,0.0,29.039513559958323,-6554.440786281576,ret_GC_cum15
Bwd (Cp),10,0.03625375467812475,-0.6585552215174175,-6534.282802259828,ret_GC_cum15
Bwd (CV),0,0.0,29.039513559958323,-6554.440786281576,ret_GC_cum15
Ridge,29,-0.027857819669432127,87.0395035810152,-6352.1267019718,ret_GC_cum15
Lasso,0,0.0,29.039513559958323,-6554.440786281576,ret_GC_cum15
PCR,2,0.0024447321302588643,28.30770836856368,-6545.113346408303,ret_GC_cum15
PLS,1,0.015610103071636239,12.8888175919069,-6565.316123386086,ret_GC_cum15
Fwd (Cp),7,0.044327367593282374,-1.1233815833038534,-7961.816117588063,ret_JPYUSD_cum15
Fwd (CV),0,0.0,41.02084158565458,-7955.06200367419,ret_JPYUSD_cum15
Bwd (Cp),7,0.044327367593282374,-1.1233815833038534,-7961.816117588063,ret_JPYUSD_cum15
Bwd (CV),0,0.0,41.02084158565458,-7955.06200367419,ret_JPYUSD_cum15
Ridge,29,0.029076726753995197,37.535155801735755,-7813.778513625956,ret_JPYUSD_cum15
Lasso,3,0.02342734308898531,17.976705290649306,-7962.529241564128,ret_JPYUSD_cum15
PCR,6,0.028663942203754345,15.157268701943167,-7950.374077220215,ret_JPYUSD_cum15
PLS,1,0.034304468648254205,3.9403513177608147,-7986.472111824625,ret_JPYUSD_cum15
Fwd (Cp),6,0.03572509446829175,-5.514138614145168,-5962.589607259212,ret_XLE_cum15
Fwd (CV),0,0.0,27.59111407856949,-5959.463434944105,ret_XLE_cum15
Bwd (Cp),6,0.03572509446829175,-5.514138614145168,-5962.589607259212,ret_XLE_cum15
Bwd (CV),0,0.0,27.59111407856949,-5959.463434944105,ret_XLE_cum15
Ridge,29,-0.027857818519203326,85.59110288564398,-5757.149351832836,ret_XLE_cum15
Lasso,0,0.0,27.59111407856949,-5959.463434944105,ret_XLE_cum15
PCR,1,-0.00040977193272095924,29.015194874921917,-5953.049713624088,ret_XLE_cum15
PLS,1,0.01934506882555731,7.372457817707982,-5974.410081855214,ret_XLE_cum15
Fwd (Cp),10,0.08115546187825484,2.577881098507305,-5803.251388498836,ret_XLF_cum15
Fwd (CV),1,0.033789939921688106,48.17442115031076,-5803.150424880533,ret_XLF_cum15
Bwd (Cp),12,0.08378006729999654,1.595691811100778,-5794.3849586463675,ret_XLF_cum15
Bwd (CV),1,0.033789939921688106,48.17442115031076,-5803.150424880533,ret_XLF_cum15
Ridge,29,-0.0041745425979120565,117.63490082524004,-5594.962793200318,ret_XLF_cum15
Lasso,14,0.07343768166583875,15.408997919905005,-5770.436919005857,ret_XLF_cum15
PCR,1,0.011349422944717968,74.07467986638949,-5778.560590703829,ret_XLF_cum15
PLS,1,0.03729976258941581,44.12347547757963,-5807.047987385768,ret_XLF_cum15
Fwd (Cp),9,0.048050952357199805,-2.2702240664041256,-6389.21408090923,ret_XLI_cum15
Fwd (CV),0,0.0,42.01082100581425,-6390.21462822933,ret_XLI_cum15
Bwd (Cp),9,0.048050952357199805,-2.2702240664041256,-6389.21408090923,ret_XLI_cum15
Bwd (CV),1,0.02192962110248453,18.63121692706909,-6407.987661342572,ret_XLI_cum15
Ridge,29,-0.027857816209893027,100.01080716957495,-6187.900547524299,ret_XLI_cum15
Lasso,0,0.0,42.01082100581425,-6390.21462822933,ret_XLI_cum15
PCR,1,-2.266492765246042e-05,42.99765058196863,-6384.215408893949,ret_XLI_cum15
PLS,3,0.05507853690178621,-16.125444367806494,-6432.968463810751,ret_XLI_cum15
Fwd (Cp),7,0.037271297105200385,-2.3186697703956725,-6636.14944288072,ret_XLK_cum15
Fwd (CV),0,0.0,31.635492839794324,-6637.27385306111,ret_XLK_cum15
Bwd (Cp),9,0.0384554899776024,-1.5916573531494578,-6625.531878041835,ret_XLK_cum15
Bwd (CV),0,0.0,31.635492839794324,-6637.27385306111,ret_XLK_cum15
Ridge,29,-0.027857817432253018,89.63548044167601,-6434.959771082415,ret_XLK_cum15
Lasso,0,0.0,31.635492839794324,-6637.27385306111,ret_XLK_cum15
PCR,2,0.001504561792915804,31.925351404612684,-6626.937498431621,ret_XLK_cum15
PLS,1,0.023323273327841787,6.960430153251991,-6656.574042072939,ret_XLK_cum15
Fwd (Cp),5,0.03528387569714586,-0.9413242505142989,-7182.538264626812,ret_XLV_cum15
Fwd (CV),0,2.220446049250313e-16,32.90558713933751,-7173.931790861901,ret_XLV_cum15
Bwd (Cp),5,0.03528387569714586,-0.9413242505142989,-7182.538264626812,ret_XLV_cum15
Bwd (CV),0,2.220446049250313e-16,32.90558713933751,-7173.931790861901,ret_XLV_cum15
Ridge,29,-0.02785782178384144,90.90557939199289,-6971.617704348969,ret_XLV_cum15
Lasso,0,0.0,32.90558713933774,-7173.931790861901,ret_XLV_cum15
PCR,1,-0.0004004059129030235,34.3165660008126,-7167.528096487306,ret_XLV_cum15
PLS,1,0.03420461670497399,-3.779264879146922,-7205.2311644181045,ret_XLV_cum15
Fwd (Cp),7,0.049367619757083814,0.2543815824210469,-9054.06376015912,ret_ZN_cum15
Fwd (CV),0,-2.220446049250313e-16,48.36502743275332,-9041.646205599083,ret_ZN_cum15
Bwd (Cp),9,0.0510835984737632,0.36770755620659656,-9044.063014039702,ret_ZN_cum15
Bwd (CV),0,-2.220446049250313e-16,48.36502743275332,-9041.646205599083,ret_ZN_cum15
Ridge,29,0.03148531235013241,41.85420803443935,-8903.022864059496,ret_ZN_cum15
Lasso,1,0.022214228238222944,24.522556878899422,-9059.730932641784,ret_ZN_cum15
PCR,5,0.036906838784892426,12.097987452343432,-9052.055963423967,ret_ZN_cum15
PLS,1,0.04173859469217567,2.727101259965366,-9081.332994444916,ret_ZN_cum15
Fwd (Cp),3,0.03803596055422287,-6.702401590224554,-12378.906412412438,ret_ZT_cum15
Fwd (CV),0,0.0,32.15083711346938,-12355.29697250057,ret_ZT_cum15
Bwd (Cp),5,0.03935704578280674,-6.130257232111262,-12368.434935189649,ret_ZT_cum15
Bwd (CV),0,0.0,32.15083711346938,-12355.29697250057,ret_ZT_cum15
Ridge,29,0.01696370803325109,42.133230355516616,-12200.734590226884,ret_ZT_cum15
Lasso,1,0.01181637704796279,20.122271090003096,-12362.052731257323,ret_ZT_cum15
PCR,5,0.03061108764943765,3.4553589947236105,-12358.728374962175,ret_ZT_cum15
PLS,1,0.03696058834723437,-7.539421997737691,-12389.65689602739,ret_ZT_cum15
Fwd (Cp),9,0.05472670893957898,-0.8122727974850932,-6811.491403270254,ret_GSPC_cum15
Fwd (CV),0,0.0,51.412500201431385,-6804.9548637011185,ret_GSPC_cum15
Bwd (Cp),9,0.05472670893957898,-0.8122727974850932,-6811.491403270254,ret_GSPC_cum15
Bwd (CV),1,0.02909308373860864,19.799594814547845,-6830.600849516975,ret_GSPC_cum15
Ridge,29,-0.027857816562675497,109.41248663265515,-6602.6407826284985,ret_GSPC_cum15
Lasso,0,0.0,51.412500201431385,-6804.9548637011185,ret_GSPC_cum15
PCR,1,0.0010889619971876652,51.14643934925061,-6800.146832004915,ret_GSPC_cum15
PLS,3,0.06179523242507823,-14.770874069842193,-6855.34877278784,ret_GSPC_cum15
Fwd (Cp),7,0.045065536870271816,-3.0667689973265624,-6255.723064374646,ret_RUT_cum15
Fwd (CV),0,0.0,39.83039172019221,-6248.141381739983,ret_RUT_cum15
Bwd (Cp),7,0.045065536870271816,-3.0667689973265624,-6255.723064374646,ret_RUT_cum15
Bwd (CV),1,0.025844772548464734,12.163415047198669,-6270.210161007301,ret_RUT_cum15
Ridge,29,-0.02785781354176975,97.83037503279456,-6045.827303815067,ret_RUT_cum15
Lasso,0,0.0,39.83039172019221,-6248.141381739983,ret_RUT_cum15
PCR,1,0.0011111143684942038,39.563215690813195,-6243.357101360807,ret_RUT_cum15
PLS,1,0.02768128968778083,10.128932192713592,-6272.231159492513,ret_RUT_cum15
